Workbook

Sheet Tippmix napló
C1: ♠ TIPPMIX BANKROLL MANAGER ♠
C2: Fogadásnapló • bankroll • profit • heti / havi statisztika
C3: ÖSSZES PROFIT | G3: NYERÉSI % | I3: FOGADÁSOK
C4: =SUM(I7:I133) -> 21180 | G4: =IFERROR(COUNTIF(G7:G133,"Nyert")/(COUNTIF(G7:G133,"Nyert")+COUNTIF(G7:G133,"Veszített")),0) -> 0.60606061 | I4: =COUNTIF(G7:G133,"<>") -> 66
C6: Dátum | D6: Tét | E6: Odds | F6: Lehetséges nyeremény | G6: Eredmény | H6: Nyeremény | I6: Profit
C7: 46262 | D7: 1000 | E7: 2.74 | F7: =IF(OR(E7="",D7=""),"",E7*D7) -> 2740 | G7: Nyert | H7: =IF(G7="Nyert",F7,0) -> 2740 | I7: =IF(G7="Nyert",H7-D7,IF(G7="Veszített",-D7,0)) -> 1740
C8: 46263 | D8: 1000 | E8: 2.25 | F8: =IF(OR(E8="",D8=""),"",E8*D8) -> 2250 | G8: Veszített | H8: =IF(G8="Nyert",F8,0) -> 0 | I8: =IF(G8="Nyert",H8-D8,IF(G8="Veszített",-D8,0)) -> -1000
C9: 46264 | D9: 1000 | E9: 2.47 | F9: =IF(OR(E9="",D9=""),"",E9*D9) -> 2470 | G9: Nyert | H9: =IF(G9="Nyert",F9,0) -> 2470 | I9: =IF(G9="Nyert",H9-D9,IF(G9="Veszített",-D9,0)) -> 1470
C10: 46265 | D10: 1000 | E10: 1.95 | F10: =IF(OR(E10="",D10=""),"",E10*D10) -> 1950 | G10: Nyert | H10: =IF(G10="Nyert",F10,0) -> 1950 | I10: =IF(G10="Nyert",H10-D10,IF(G10="Veszített",-D10,0)) -> 950
C11: 46266 | D11: 1000 | E11: 4.06 | F11: =IF(OR(E11="",D11=""),"",E11*D11) -> 4060 | G11: Veszített | H11: =IF(G11="Nyert",F11,0) -> 0 | I11: =IF(G11="Nyert",H11-D11,IF(G11="Veszített",-D11,0)) -> -1000
C12: 46267 | D12: 1000 | E12: 2.56 | F12: =IF(OR(E12="",D12=""),"",E12*D12) -> 2560 | G12: Nyert | H12: =IF(G12="Nyert",F12,0) -> 2560 | I12: =IF(G12="Nyert",H12-D12,IF(G12="Veszített",-D12,0)) -> 1560
C13: 46268 | D13: 1000 | E13: 2.62 | F13: =IF(OR(E13="",D13=""),"",E13*D13) -> 2620 | G13: Nyert | H13: =IF(G13="Nyert",F13,0) -> 2620 | I13: =IF(G13="Nyert",H13-D13,IF(G13="Veszített",-D13,0)) -> 1620
C14: 46269 | D14: 1000 | E14: 1.47 | F14: =IF(OR(E14="",D14=""),"",E14*D14) -> 1470 | G14: Veszített | H14: =IF(G14="Nyert",F14,0) -> 0 | I14: =IF(G14="Nyert",H14-D14,IF(G14="Veszített",-D14,0)) -> -1000
C15: 46270 | D15: 1000 | E15: 1.98 | F15: =IF(OR(E15="",D15=""),"",E15*D15) -> 1980 | G15: Nyert | H15: =IF(G15="Nyert",F15,0) -> 1980 | I15: =IF(G15="Nyert",H15-D15,IF(G15="Veszített",-D15,0)) -> 980
C16: 46271 | D16: 1000 | E16: 1.65 | F16: =IF(OR(E16="",D16=""),"",E16*D16) -> 1650 | G16: Nyert | H16: =IF(G16="Nyert",F16,0) -> 1650 | I16: =IF(G16="Nyert",H16-D16,IF(G16="Veszített",-D16,0)) -> 650
C17: 46272 | D17: 1000 | E17: 2.03 | F17: =IF(OR(E17="",D17=""),"",E17*D17) -> 2030 | G17: Nyert | H17: =IF(G17="Nyert",F17,0) -> 2030 | I17: =IF(G17="Nyert",H17-D17,IF(G17="Veszített",-D17,0)) -> 1030
C18: 46273 | D18: 1000 | E18: 1.74 | F18: =IF(OR(E18="",D18=""),"",E18*D18) -> 1740 | G18: Nyert | H18: =IF(G18="Nyert",F18,0) -> 1740 | I18: =IF(G18="Nyert",H18-D18,IF(G18="Veszített",-D18,0)) -> 740
... C72: 46320 | D72: 2000 | E72: 2.11 | F72: =IF(OR(E72="",D72=""),"",E72*D72) -> 4220 | G72: Nyert | H72: =IF(G72="Nyert",F72,0) -> 4220 | I72: =IF(G72="Nyert",H72-D72,IF(G72="Veszített",-D72,0)) -> 2220
C73: 46321 | D73: 2000 | E73: 2.59 | F73: =IF(OR(E73="",D73=""),"",E73*D73) -> 5180 | H73: =IF(G73="Nyert",F73,0) -> 0 | I73: =IF(G73="Nyert",H73-D73,IF(G73="Veszített",-D73,0)) -> 0
F74: =IF(OR(E74="",D74=""),"",E74*D74) | H74: =IF(G74="Nyert",F74,0) -> 0 | I74: =IF(G74="Nyert",H74-D74,IF(G74="Veszített",-D74,0)) -> 0
F75: =IF(OR(E75="",D75=""),"",E75*D75) | H75: =IF(G75="Nyert",F75,0) -> 0 | I75: =IF(G75="Nyert",H75-D75,IF(G75="Veszített",-D75,0)) -> 0
F76: =IF(OR(E76="",D76=""),"",E76*D76) | H76: =IF(G76="Nyert",F76,0) -> 0 | I76: =IF(G76="Nyert",H76-D76,IF(G76="Veszített",-D76,0)) -> 0
F77: =IF(OR(E77="",D77=""),"",E77*D77) | H77: =IF(G77="Nyert",F77,0) -> 0 | I77: =IF(G77="Nyert",H77-D77,IF(G77="Veszített",-D77,0)) -> 0
F78: =IF(OR(E78="",D78=""),"",E78*D78) | H78: =IF(G78="Nyert",F78,0) -> 0 | I78: =IF(G78="Nyert",H78-D78,IF(G78="Veszített",-D78,0)) -> 0
F79: =IF(OR(E79="",D79=""),"",E79*D79) | H79: =IF(G79="Nyert",F79,0) -> 0 | I79: =IF(G79="Nyert",H79-D79,IF(G79="Veszített",-D79,0)) -> 0
F80: =IF(OR(E80="",D80=""),"",E80*D80) | H80: =IF(G80="Nyert",F80,0) -> 0 | I80: =IF(G80="Nyert",H80-D80,IF(G80="Veszített",-D80,0)) -> 0
F81: =IF(OR(E81="",D81=""),"",E81*D81) | H81: =IF(G81="Nyert",F81,0) -> 0 | I81: =IF(G81="Nyert",H81-D81,IF(G81="Veszített",-D81,0)) -> 0
F82: =IF(OR(E82="",D82=""),"",E82*D82) | H82: =IF(G82="Nyert",F82,0) -> 0 | I82: =IF(G82="Nyert",H82-D82,IF(G82="Veszített",-D82,0)) -> 0
F83: =IF(OR(E83="",D83=""),"",E83*D83) | H83: =IF(G83="Nyert",F83,0) -> 0 | I83: =IF(G83="Nyert",H83-D83,IF(G83="Veszített",-D83,0)) -> 0
F84: =IF(OR(E84="",D84=""),"",E84*D84) | H84: =IF(G84="Nyert",F84,0) -> 0 | I84: =IF(G84="Nyert",H84-D84,IF(G84="Veszített",-D84,0)) -> 0
F85: =IF(OR(E85="",D85=""),"",E85*D85) | H85: =IF(G85="Nyert",F85,0) -> 0 | I85: =IF(G85="Nyert",H85-D85,IF(G85="Veszített",-D85,0)) -> 0
... F133: =IF(OR(E133="",D133=""),"",E133*D133) | H133: =IF(G133="Nyert",F133,0) -> 0 | I133: =IF(G133="Nyert",H133-D133,IF(G133="Veszített",-D133,0)) -> 0

Sheet Havi elemzés
A1: ♠ TIPPMIX – HAVI ELEMZÉS | L1: KIVÁLASZTOTT ÉV ÖSSZESÍTÉSE
A3: Elemzett év: | B3: 2026 | C3: Évet átírva a havi sorok automatikusan frissülnek. | L3: Fogadások | M3: =SUM(D7:D18) -> 66
L4: Nyert | M4: =SUM(E7:E18) -> 40 | N4: Éves profit | O4: =SUM(H7:H18) -> 21180
L5: Veszített | M5: =SUM(F7:F18) -> 26 | N5: Összes tét | O5: =SUM(I7:I18) -> 104000
A6: Hónap | B6: Hónap kezdete | C6: Hónap vége | D6: Fogadások | E6: Nyert | F6: Veszített | G6: Nyerési % | H6: Havi profit (Ft) | I6: Összes tét (Ft) | J6: ROI | L6: Nyerési % | M6: =IFERROR(M4/M3,0) -> 0.60606061 | N6: ROI | O6: =IFERROR(O4/O5,0) -> 0.20365385
A7: 1 | B7: =DATE($B$3,1,1) -> 46023 | C7: =EOMONTH(B7,0) -> 46053 | D7: =COUNTIFS('Tippmix napló'!$C$7:$C$133,">="&B7,'Tippmix napló'!$C$7:$C$133,"<"&C7+1,'Tippmix napló'!$G$7:$G$133,"Nyert")+COUNTIFS('Tippmix napló'!$C$7:$C$133,">="&B7,'Tippmix napló'!$C$7:$C$133,"<"&C7+1,'Tippmix napló'!$G$7:$G$133,"Veszített") -> 0 | E7: =COUNTIFS('Tippmix napló'!$C$7:$C$133,">="&B7,'Tippmix napló'!$C$7:$C$133,"<"&C7+1,'Tippmix napló'!$G$7:$G$133,"Nyert") -> 0 | F7: =COUNTIFS('Tippmix napló'!$C$7:$C$133,">="&B7,'Tippmix napló'!$C$7:$C$133,"<"&C7+1,'Tippmix napló'!$G$7:$G$133,"Veszített") -> 0 | G7: =IFERROR(E7/(E7+F7),0) -> 0 | H7: =SUMIFS('Tippmix napló'!$I$7:$I$133,'Tippmix napló'!$C$7:$C$133,">="&B7,'Tippmix napló'!$C$7:$C$133,"<"&C7+1) -> 0 | I7: =SUMIFS('Tippmix napló'!$D$7:$D$133,'Tippmix napló'!$C$7:$C$133,">="&B7,'Tippmix napló'!$C$7:$C$133,"<"&C7+1,'Tippmix napló'!$G$7:$G$133,"Nyert")+SUMIFS('Tippmix napló'!$D$7:$D$133,'Tippmix napló'!$C$7:$C$133,">="&B7,'Tippmix napló'!$C$7:$C$133,"<"&C7+1,'Tippmix napló'!$G$7:$G$133,"Veszített") -> 0 | J7: =IFERROR(H7/I7,0) -> 0
A8: 2 | B8: =DATE($B$3,2,1) -> 46054 | C8: =EOMONTH(B8,0) -> 46081 | D8: =COUNTIFS('Tippmix napló'!$C$7:$C$133,">="&B8,'Tippmix napló'!$C$7:$C$133,"<"&C8+1,'Tippmix napló'!$G$7:$G$133,"Nyert")+COUNTIFS('Tippmix napló'!$C$7:$C$133,">="&B8,'Tippmix napló'!$C$7:$C$133,"<"&C8+1,'Tippmix napló'!$G$7:$G$133,"Veszített") -> 0 | E8: =COUNTIFS('Tippmix napló'!$C$7:$C$133,">="&B8,'Tippmix napló'!$C$7:$C$133,"<"&C8+1,'Tippmix napló'!$G$7:$G$133,"Nyert") -> 0 | F8: =COUNTIFS('Tippmix napló'!$C$7:$C$133,">="&B8,'Tippmix napló'!$C$7:$C$133,"<"&C8+1,'Tippmix napló'!$G$7:$G$133,"Veszített") -> 0 | G8: =IFERROR(E8/(E8+F8),0) -> 0 | H8: =SUMIFS('Tippmix napló'!$I$7:$I$133,'Tippmix napló'!$C$7:$C$133,">="&B8,'Tippmix napló'!$C$7:$C$133,"<"&C8+1) -> 0 | I8: =SUMIFS('Tippmix napló'!$D$7:$D$133,'Tippmix napló'!$C$7:$C$133,">="&B8,'Tippmix napló'!$C$7:$C$133,"<"&C8+1,'Tippmix napló'!$G$7:$G$133,"Nyert")+SUMIFS('Tippmix napló'!$D$7:$D$133,'Tippmix napló'!$C$7:$C$133,">="&B8,'Tippmix napló'!$C$7:$C$133,"<"&C8+1,'Tippmix napló'!$G$7:$G$133,"Veszített") -> 0 | J8: =IFERROR(H8/I8,0) -> 0
A9: 3 | B9: =DATE($B$3,3,1) -> 46082 | C9: =EOMONTH(B9,0) -> 46112 | D9: =COUNTIFS('Tippmix napló'!$C$7:$C$133,">="&B9,'Tippmix napló'!$C$7:$C$133,"<"&C9+1,'Tippmix napló'!$G$7:$G$133,"Nyert")+COUNTIFS('Tippmix napló'!$C$7:$C$133,">="&B9,'Tippmix napló'!$C$7:$C$133,"<"&C9+1,'Tippmix napló'!$G$7:$G$133,"Veszített") -> 0 | E9: =COUNTIFS('Tippmix napló'!$C$7:$C$133,">="&B9,'Tippmix napló'!$C$7:$C$133,"<"&C9+1,'Tippmix napló'!$G$7:$G$133,"Nyert") -> 0 | F9: =COUNTIFS('Tippmix napló'!$C$7:$C$133,">="&B9,'Tippmix napló'!$C$7:$C$133,"<"&C9+1,'Tippmix napló'!$G$7:$G$133,"Veszített") -> 0 | G9: =IFERROR(E9/(E9+F9),0) -> 0 | H9: =SUMIFS('Tippmix napló'!$I$7:$I$133,'Tippmix napló'!$C$7:$C$133,">="&B9,'Tippmix napló'!$C$7:$C$133,"<"&C9+1) -> 0 | I9: =SUMIFS('Tippmix napló'!$D$7:$D$133,'Tippmix napló'!$C$7:$C$133,">="&B9,'Tippmix napló'!$C$7:$C$133,"<"&C9+1,'Tippmix napló'!$G$7:$G$133,"Nyert")+SUMIFS('Tippmix napló'!$D$7:$D$133,'Tippmix napló'!$C$7:$C$133,">="&B9,'Tippmix napló'!$C$7:$C$133,"<"&C9+1,'Tippmix napló'!$G$7:$G$133,"Veszített") -> 0 | J9: =IFERROR(H9/I9,0) -> 0
A10: 4 | B10: =DATE($B$3,4,1) -> 46113 | C10: =EOMONTH(B10,0) -> 46142 | D10: =COUNTIFS('Tippmix napló'!$C$7:$C$133,">="&B10,'Tippmix napló'!$C$7:$C$133,"<"&C10+1,'Tippmix napló'!$G$7:$G$133,"Nyert")+COUNTIFS('Tippmix napló'!$C$7:$C$133,">="&B10,'Tippmix napló'!$C$7:$C$133,"<"&C10+1,'Tippmix napló'!$G$7:$G$133,"Veszített") -> 0 | E10: =COUNTIFS('Tippmix napló'!$C$7:$C$133,">="&B10,'Tippmix napló'!$C$7:$C$133,"<"&C10+1,'Tippmix napló'!$G$7:$G$133,"Nyert") -> 0 | F10: =COUNTIFS('Tippmix napló'!$C$7:$C$133,">="&B10,'Tippmix napló'!$C$7:$C$133,"<"&C10+1,'Tippmix napló'!$G$7:$G$133,"Veszített") -> 0 | G10: =IFERROR(E10/(E10+F10),0) -> 0 | H10: =SUMIFS('Tippmix napló'!$I$7:$I$133,'Tippmix napló'!$C$7:$C$133,">="&B10,'Tippmix napló'!$C$7:$C$133,"<"&C10+1) -> 0 | I10: =SUMIFS('Tippmix napló'!$D$7:$D$133,'Tippmix napló'!$C$7:$C$133,">="&B10,'Tippmix napló'!$C$7:$C$133,"<"&C10+1,'Tippmix napló'!$G$7:$G$133,"Nyert")+SUMIFS('Tippmix napló'!$D$7:$D$133,'Tippmix napló'!$C$7:$C$133,">="&B10,'Tippmix napló'!$C$7:$C$133,"<"&C10+1,'Tippmix napló'!$G$7:$G$133,"Veszített") -> 0 | J10: =IFERROR(H10/I10,0) -> 0
A11: 5 | B11: =DATE($B$3,5,1) -> 46143 | C11: =EOMONTH(B11,0) -> 46173 | D11: =COUNTIFS('Tippmix napló'!$C$7:$C$133,">="&B11,'Tippmix napló'!$C$7:$C$133,"<"&C11+1,'Tippmix napló'!$G$7:$G$133,"Nyert")+COUNTIFS('Tippmix napló'!$C$7:$C$133,">="&B11,'Tippmix napló'!$C$7:$C$133,"<"&C11+1,'Tippmix napló'!$G$7:$G$133,"Veszített") -> 0 | E11: =COUNTIFS('Tippmix napló'!$C$7:$C$133,">="&B11,'Tippmix napló'!$C$7:$C$133,"<"&C11+1,'Tippmix napló'!$G$7:$G$133,"Nyert") -> 0 | F11: =COUNTIFS('Tippmix napló'!$C$7:$C$133,">="&B11,'Tippmix napló'!$C$7:$C$133,"<"&C11+1,'Tippmix napló'!$G$7:$G$133,"Veszített") -> 0 | G11: =IFERROR(E11/(E11+F11),0) -> 0 | H11: =SUMIFS('Tippmix napló'!$I$7:$I$133,'Tippmix napló'!$C$7:$C$133,">="&B11,'Tippmix napló'!$C$7:$C$133,"<"&C11+1) -> 0 | I11: =SUMIFS('Tippmix napló'!$D$7:$D$133,'Tippmix napló'!$C$7:$C$133,">="&B11,'Tippmix napló'!$C$7:$C$133,"<"&C11+1,'Tippmix napló'!$G$7:$G$133,"Nyert")+SUMIFS('Tippmix napló'!$D$7:$D$133,'Tippmix napló'!$C$7:$C$133,">="&B11,'Tippmix napló'!$C$7:$C$133,"<"&C11+1,'Tippmix napló'!$G$7:$G$133,"Veszített") -> 0 | J11: =IFERROR(H11/I11,0) -> 0
A12: 6 | B12: =DATE($B$3,6,1) -> 46174 | C12: =EOMONTH(B12,0) -> 46203 | D12: =COUNTIFS('Tippmix napló'!$C$7:$C$133,">="&B12,'Tippmix napló'!$C$7:$C$133,"<"&C12+1,'Tippmix napló'!$G$7:$G$133,"Nyert")+COUNTIFS('Tippmix napló'!$C$7:$C$133,">="&B12,'Tippmix napló'!$C$7:$C$133,"<"&C12+1,'Tippmix napló'!$G$7:$G$133,"Veszített") -> 0 | E12: =COUNTIFS('Tippmix napló'!$C$7:$C$133,">="&B12,'Tippmix napló'!$C$7:$C$133,"<"&C12+1,'Tippmix napló'!$G$7:$G$133,"Nyert") -> 0 | F12: =COUNTIFS('Tippmix napló'!$C$7:$C$133,">="&B12,'Tippmix napló'!$C$7:$C$133,"<"&C12+1,'Tippmix napló'!$G$7:$G$133,"Veszített") -> 0 | G12: =IFERROR(E12/(E12+F12),0) -> 0 | H12: =SUMIFS('Tippmix napló'!$I$7:$I$133,'Tippmix napló'!$C$7:$C$133,">="&B12,'Tippmix napló'!$C$7:$C$133,"<"&C12+1) -> 0 | I12: =SUMIFS('Tippmix napló'!$D$7:$D$133,'Tippmix napló'!$C$7:$C$133,">="&B12,'Tippmix napló'!$C$7:$C$133,"<"&C12+1,'Tippmix napló'!$G$7:$G$133,"Nyert")+SUMIFS('Tippmix napló'!$D$7:$D$133,'Tippmix napló'!$C$7:$C$133,">="&B12,'Tippmix napló'!$C$7:$C$133,"<"&C12+1,'Tippmix napló'!$G$7:$G$133,"Veszített") -> 0 | J12: =IFERROR(H12/I12,0) -> 0
A13: 7 | B13: =DATE($B$3,7,1) -> 46204 | C13: =EOMONTH(B13,0) -> 46234 | D13: =COUNTIFS('Tippmix napló'!$C$7:$C$133,">="&B13,'Tippmix napló'!$C$7:$C$133,"<"&C13+1,'Tippmix napló'!$G$7:$G$133,"Nyert")+COUNTIFS('Tippmix napló'!$C$7:$C$133,">="&B13,'Tippmix napló'!$C$7:$C$133,"<"&C13+1,'Tippmix napló'!$G$7:$G$133,"Veszített") -> 0 | E13: =COUNTIFS('Tippmix napló'!$C$7:$C$133,">="&B13,'Tippmix napló'!$C$7:$C$133,"<"&C13+1,'Tippmix napló'!$G$7:$G$133,"Nyert") -> 0 | F13: =COUNTIFS('Tippmix napló'!$C$7:$C$133,">="&B13,'Tippmix napló'!$C$7:$C$133,"<"&C13+1,'Tippmix napló'!$G$7:$G$133,"Veszített") -> 0 | G13: =IFERROR(E13/(E13+F13),0) -> 0 | H13: =SUMIFS('Tippmix napló'!$I$7:$I$133,'Tippmix napló'!$C$7:$C$133,">="&B13,'Tippmix napló'!$C$7:$C$133,"<"&C13+1) -> 0 | I13: =SUMIFS('Tippmix napló'!$D$7:$D$133,'Tippmix napló'!$C$7:$C$133,">="&B13,'Tippmix napló'!$C$7:$C$133,"<"&C13+1,'Tippmix napló'!$G$7:$G$133,"Nyert")+SUMIFS('Tippmix napló'!$D$7:$D$133,'Tippmix napló'!$C$7:$C$133,">="&B13,'Tippmix napló'!$C$7:$C$133,"<"&C13+1,'Tippmix napló'!$G$7:$G$133,"Veszített") -> 0 | J13: =IFERROR(H13/I13,0) -> 0
A14: 8 | B14: =DATE($B$3,8,1) -> 46235 | C14: =EOMONTH(B14,0) -> 46265 | D14: =COUNTIFS('Tippmix napló'!$C$7:$C$133,">="&B14,'Tippmix napló'!$C$7:$C$133,"<"&C14+1,'Tippmix napló'!$G$7:$G$133,"Nyert")+COUNTIFS('Tippmix napló'!$C$7:$C$133,">="&B14,'Tippmix napló'!$C$7:$C$133,"<"&C14+1,'Tippmix napló'!$G$7:$G$133,"Veszített") -> 4 | E14: =COUNTIFS('Tippmix napló'!$C$7:$C$133,">="&B14,'Tippmix napló'!$C$7:$C$133,"<"&C14+1,'Tippmix napló'!$G$7:$G$133,"Nyert") -> 3 | F14: =COUNTIFS('Tippmix napló'!$C$7:$C$133,">="&B14,'Tippmix napló'!$C$7:$C$133,"<"&C14+1,'Tippmix napló'!$G$7:$G$133,"Veszített") -> 1 | G14: =IFERROR(E14/(E14+F14),0) -> 0.75 | H14: =SUMIFS('Tippmix napló'!$I$7:$I$133,'Tippmix napló'!$C$7:$C$133,">="&B14,'Tippmix napló'!$C$7:$C$133,"<"&C14+1) -> 3160 | I14: =SUMIFS('Tippmix napló'!$D$7:$D$133,'Tippmix napló'!$C$7:$C$133,">="&B14,'Tippmix napló'!$C$7:$C$133,"<"&C14+1,'Tippmix napló'!$G$7:$G$133,"Nyert")+SUMIFS('Tippmix napló'!$D$7:$D$133,'Tippmix napló'!$C$7:$C$133,">="&B14,'Tippmix napló'!$C$7:$C$133,"<"&C14+1,'Tippmix napló'!$G$7:$G$133,"Veszített") -> 4000 | J14: =IFERROR(H14/I14,0) -> 0.79
A15: 9 | B15: =DATE($B$3,9,1) -> 46266 | C15: =EOMONTH(B15,0) -> 46295 | D15: =COUNTIFS('Tippmix napló'!$C$7:$C$133,">="&B15,'Tippmix napló'!$C$7:$C$133,"<"&C15+1,'Tippmix napló'!$G$7:$G$133,"Nyert")+COUNTIFS('Tippmix napló'!$C$7:$C$133,">="&B15,'Tippmix napló'!$C$7:$C$133,"<"&C15+1,'Tippmix napló'!$G$7:$G$133,"Veszített") -> 37 | E15: =COUNTIFS('Tippmix napló'!$C$7:$C$133,">="&B15,'Tippmix napló'!$C$7:$C$133,"<"&C15+1,'Tippmix napló'!$G$7:$G$133,"Nyert") -> 22 | F15: =COUNTIFS('Tippmix napló'!$C$7:$C$133,">="&B15,'Tippmix napló'!$C$7:$C$133,"<"&C15+1,'Tippmix napló'!$G$7:$G$133,"Veszített") -> 15 | G15: =IFERROR(E15/(E15+F15),0) -> 0.59459459 | H15: =SUMIFS('Tippmix napló'!$I$7:$I$133,'Tippmix napló'!$C$7:$C$133,">="&B15,'Tippmix napló'!$C$7:$C$133,"<"&C15+1) -> 4680 | I15: =SUMIFS('Tippmix napló'!$D$7:$D$133,'Tippmix napló'!$C$7:$C$133,">="&B15,'Tippmix napló'!$C$7:$C$133,"<"&C15+1,'Tippmix napló'!$G$7:$G$133,"Nyert")+SUMIFS('Tippmix napló'!$D$7:$D$133,'Tippmix napló'!$C$7:$C$133,">="&B15,'Tippmix napló'!$C$7:$C$133,"<"&C15+1,'Tippmix napló'!$G$7:$G$133,"Veszített") -> 50000 | J15: =IFERROR(H15/I15,0) -> 0.0936
A16: 10 | B16: =DATE($B$3,10,1) -> 46296 | C16: =EOMONTH(B16,0) -> 46326 | D16: =COUNTIFS('Tippmix napló'!$C$7:$C$133,">="&B16,'Tippmix napló'!$C$7:$C$133,"<"&C16+1,'Tippmix napló'!$G$7:$G$133,"Nyert")+COUNTIFS('Tippmix napló'!$C$7:$C$133,">="&B16,'Tippmix napló'!$C$7:$C$133,"<"&C16+1,'Tippmix napló'!$G$7:$G$133,"Veszített") -> 25 | E16: =COUNTIFS('Tippmix napló'!$C$7:$C$133,">="&B16,'Tippmix napló'!$C$7:$C$133,"<"&C16+1,'Tippmix napló'!$G$7:$G$133,"Nyert") -> 15 | F16: =COUNTIFS('Tippmix napló'!$C$7:$C$133,">="&B16,'Tippmix napló'!$C$7:$C$133,"<"&C16+1,'Tippmix napló'!$G$7:$G$133,"Veszített") -> 10 | G16: =IFERROR(E16/(E16+F16),0) -> 0.6 | H16: =SUMIFS('Tippmix napló'!$I$7:$I$133,'Tippmix napló'!$C$7:$C$133,">="&B16,'Tippmix napló'!$C$7:$C$133,"<"&C16+1) -> 13340 | I16: =SUMIFS('Tippmix napló'!$D$7:$D$133,'Tippmix napló'!$C$7:$C$133,">="&B16,'Tippmix napló'!$C$7:$C$133,"<"&C16+1,'Tippmix napló'!$G$7:$G$133,"Nyert")+SUMIFS('Tippmix napló'!$D$7:$D$133,'Tippmix napló'!$C$7:$C$133,">="&B16,'Tippmix napló'!$C$7:$C$133,"<"&C16+1,'Tippmix napló'!$G$7:$G$133,"Veszített") -> 50000 | J16: =IFERROR(H16/I16,0) -> 0.2668
A17: 11 | B17: =DATE($B$3,11,1) -> 46327 | C17: =EOMONTH(B17,0) -> 46356 | D17: =COUNTIFS('Tippmix napló'!$C$7:$C$133,">="&B17,'Tippmix napló'!$C$7:$C$133,"<"&C17+1,'Tippmix napló'!$G$7:$G$133,"Nyert")+COUNTIFS('Tippmix napló'!$C$7:$C$133,">="&B17,'Tippmix napló'!$C$7:$C$133,"<"&C17+1,'Tippmix napló'!$G$7:$G$133,"Veszített") -> 0 | E17: =COUNTIFS('Tippmix napló'!$C$7:$C$133,">="&B17,'Tippmix napló'!$C$7:$C$133,"<"&C17+1,'Tippmix napló'!$G$7:$G$133,"Nyert") -> 0 | F17: =COUNTIFS('Tippmix napló'!$C$7:$C$133,">="&B17,'Tippmix napló'!$C$7:$C$133,"<"&C17+1,'Tippmix napló'!$G$7:$G$133,"Veszített") -> 0 | G17: =IFERROR(E17/(E17+F17),0) -> 0 | H17: =SUMIFS('Tippmix napló'!$I$7:$I$133,'Tippmix napló'!$C$7:$C$133,">="&B17,'Tippmix napló'!$C$7:$C$133,"<"&C17+1) -> 0 | I17: =SUMIFS('Tippmix napló'!$D$7:$D$133,'Tippmix napló'!$C$7:$C$133,">="&B17,'Tippmix napló'!$C$7:$C$133,"<"&C17+1,'Tippmix napló'!$G$7:$G$133,"Nyert")+SUMIFS('Tippmix napló'!$D$7:$D$133,'Tippmix napló'!$C$7:$C$133,">="&B17,'Tippmix napló'!$C$7:$C$133,"<"&C17+1,'Tippmix napló'!$G$7:$G$133,"Veszített") -> 0 | J17: =IFERROR(H17/I17,0) -> 0
A18: 12 | B18: =DATE($B$3,12,1) -> 46357 | C18: =EOMONTH(B18,0) -> 46387 | D18: =COUNTIFS('Tippmix napló'!$C$7:$C$133,">="&B18,'Tippmix napló'!$C$7:$C$133,"<"&C18+1,'Tippmix napló'!$G$7:$G$133,"Nyert")+COUNTIFS('Tippmix napló'!$C$7:$C$133,">="&B18,'Tippmix napló'!$C$7:$C$133,"<"&C18+1,'Tippmix napló'!$G$7:$G$133,"Veszített") -> 0 | E18: =COUNTIFS('Tippmix napló'!$C$7:$C$133,">="&B18,'Tippmix napló'!$C$7:$C$133,"<"&C18+1,'Tippmix napló'!$G$7:$G$133,"Nyert") -> 0 | F18: =COUNTIFS('Tippmix napló'!$C$7:$C$133,">="&B18,'Tippmix napló'!$C$7:$C$133,"<"&C18+1,'Tippmix napló'!$G$7:$G$133,"Veszített") -> 0 | G18: =IFERROR(E18/(E18+F18),0) -> 0 | H18: =SUMIFS('Tippmix napló'!$I$7:$I$133,'Tippmix napló'!$C$7:$C$133,">="&B18,'Tippmix napló'!$C$7:$C$133,"<"&C18+1) -> 0 | I18: =SUMIFS('Tippmix napló'!$D$7:$D$133,'Tippmix napló'!$C$7:$C$133,">="&B18,'Tippmix napló'!$C$7:$C$133,"<"&C18+1,'Tippmix napló'!$G$7:$G$133,"Nyert")+SUMIFS('Tippmix napló'!$D$7:$D$133,'Tippmix napló'!$C$7:$C$133,">="&B18,'Tippmix napló'!$C$7:$C$133,"<"&C18+1,'Tippmix napló'!$G$7:$G$133,"Veszített") -> 0 | J18: =IFERROR(H18/I18,0) -> 0

Sheet Heti elemzés
A1: ♠ TIPPMIX – HETI ELEMZÉS | L1: KIVÁLASZTOTT ÉV ÖSSZESÍTÉSE
A3: Elemzett év: | B3: 2026 | C3: Évet átírva a heti sorok automatikusan frissülnek. | L3: Fogadások | M3: =SUM(D7:D59) -> 66
L4: Nyert | M4: =SUM(E7:E59) -> 40 | N4: Éves profit | O4: =SUM(H7:H59) -> 21180
L5: Veszített | M5: =SUM(F7:F59) -> 26 | N5: Összes tét | O5: =SUM(I7:I59) -> 104000
A6: Hét | B6: Hét kezdete | C6: Hét vége | D6: Fogadások | E6: Nyert | F6: Veszített | G6: Nyerési % | H6: Heti profit (Ft) | I6: Összes tét (Ft) | J6: ROI | L6: Nyerési % | M6: =IFERROR(M4/M3,0) -> 0.60606061 | N6: ROI | O6: =IFERROR(O4/O5,0) -> 0.20365385
A7: =IF(OR(B7="",B7>TODAY()+370),"","CW"&TEXT(ROW()-6,"00")) -> CW01 | B7: =DATE($B$3,1,4)-WEEKDAY(DATE($B$3,1,4),2)+1+(ROW()-7)*7 -> 46020 | C7: =B7+6 -> 46026 | D7: =COUNTIFS('Tippmix napló'!$C$7:$C$133,">="&B7,'Tippmix napló'!$C$7:$C$133,"<"&C7+1,'Tippmix napló'!$G$7:$G$133,"Nyert")+COUNTIFS('Tippmix napló'!$C$7:$C$133,">="&B7,'Tippmix napló'!$C$7:$C$133,"<"&C7+1,'Tippmix napló'!$G$7:$G$133,"Veszített") -> 0 | E7: =COUNTIFS('Tippmix napló'!$C$7:$C$133,">="&B7,'Tippmix napló'!$C$7:$C$133,"<"&C7+1,'Tippmix napló'!$G$7:$G$133,"Nyert") -> 0 | F7: =COUNTIFS('Tippmix napló'!$C$7:$C$133,">="&B7,'Tippmix napló'!$C$7:$C$133,"<"&C7+1,'Tippmix napló'!$G$7:$G$133,"Veszített") -> 0 | G7: =IFERROR(E7/(E7+F7),0) -> 0 | H7: =SUMIFS('Tippmix napló'!$I$7:$I$133,'Tippmix napló'!$C$7:$C$133,">="&B7,'Tippmix napló'!$C$7:$C$133,"<"&C7+1) -> 0 | I7: =SUMIFS('Tippmix napló'!$D$7:$D$133,'Tippmix napló'!$C$7:$C$133,">="&B7,'Tippmix napló'!$C$7:$C$133,"<"&C7+1,'Tippmix napló'!$G$7:$G$133,"Nyert")+SUMIFS('Tippmix napló'!$D$7:$D$133,'Tippmix napló'!$C$7:$C$133,">="&B7,'Tippmix napló'!$C$7:$C$133,"<"&C7+1,'Tippmix napló'!$G$7:$G$133,"Veszített") -> 0 | J7: =IFERROR(H7/I7,0) -> 0
A8: =IF(OR(B8="",B8>TODAY()+370),"","CW"&TEXT(ROW()-6,"00")) -> CW02 | B8: =DATE($B$3,1,4)-WEEKDAY(DATE($B$3,1,4),2)+1+(ROW()-7)*7 -> 46027 | C8: =B8+6 -> 46033 | D8: =COUNTIFS('Tippmix napló'!$C$7:$C$133,">="&B8,'Tippmix napló'!$C$7:$C$133,"<"&C8+1,'Tippmix napló'!$G$7:$G$133,"Nyert")+COUNTIFS('Tippmix napló'!$C$7:$C$133,">="&B8,'Tippmix napló'!$C$7:$C$133,"<"&C8+1,'Tippmix napló'!$G$7:$G$133,"Veszített") -> 0 | E8: =COUNTIFS('Tippmix napló'!$C$7:$C$133,">="&B8,'Tippmix napló'!$C$7:$C$133,"<"&C8+1,'Tippmix napló'!$G$7:$G$133,"Nyert") -> 0 | F8: =COUNTIFS('Tippmix napló'!$C$7:$C$133,">="&B8,'Tippmix napló'!$C$7:$C$133,"<"&C8+1,'Tippmix napló'!$G$7:$G$133,"Veszített") -> 0 | G8: =IFERROR(E8/(E8+F8),0) -> 0 | H8: =SUMIFS('Tippmix napló'!$I$7:$I$133,'Tippmix napló'!$C$7:$C$133,">="&B8,'Tippmix napló'!$C$7:$C$133,"<"&C8+1) -> 0 | I8: =SUMIFS('Tippmix napló'!$D$7:$D$133,'Tippmix napló'!$C$7:$C$133,">="&B8,'Tippmix napló'!$C$7:$C$133,"<"&C8+1,'Tippmix napló'!$G$7:$G$133,"Nyert")+SUMIFS('Tippmix napló'!$D$7:$D$133,'Tippmix napló'!$C$7:$C$133,">="&B8,'Tippmix napló'!$C$7:$C$133,"<"&C8+1,'Tippmix napló'!$G$7:$G$133,"Veszített") -> 0 | J8: =IFERROR(H8/I8,0) -> 0
A9: =IF(OR(B9="",B9>TODAY()+370),"","CW"&TEXT(ROW()-6,"00")) -> CW03 | B9: =DATE($B$3,1,4)-WEEKDAY(DATE($B$3,1,4),2)+1+(ROW()-7)*7 -> 46034 | C9: =B9+6 -> 46040 | D9: =COUNTIFS('Tippmix napló'!$C$7:$C$133,">="&B9,'Tippmix napló'!$C$7:$C$133,"<"&C9+1,'Tippmix napló'!$G$7:$G$133,"Nyert")+COUNTIFS('Tippmix napló'!$C$7:$C$133,">="&B9,'Tippmix napló'!$C$7:$C$133,"<"&C9+1,'Tippmix napló'!$G$7:$G$133,"Veszített") -> 0 | E9: =COUNTIFS('Tippmix napló'!$C$7:$C$133,">="&B9,'Tippmix napló'!$C$7:$C$133,"<"&C9+1,'Tippmix napló'!$G$7:$G$133,"Nyert") -> 0 | F9: =COUNTIFS('Tippmix napló'!$C$7:$C$133,">="&B9,'Tippmix napló'!$C$7:$C$133,"<"&C9+1,'Tippmix napló'!$G$7:$G$133,"Veszített") -> 0 | G9: =IFERROR(E9/(E9+F9),0) -> 0 | H9: =SUMIFS('Tippmix napló'!$I$7:$I$133,'Tippmix napló'!$C$7:$C$133,">="&B9,'Tippmix napló'!$C$7:$C$133,"<"&C9+1) -> 0 | I9: =SUMIFS('Tippmix napló'!$D$7:$D$133,'Tippmix napló'!$C$7:$C$133,">="&B9,'Tippmix napló'!$C$7:$C$133,"<"&C9+1,'Tippmix napló'!$G$7:$G$133,"Nyert")+SUMIFS('Tippmix napló'!$D$7:$D$133,'Tippmix napló'!$C$7:$C$133,">="&B9,'Tippmix napló'!$C$7:$C$133,"<"&C9+1,'Tippmix napló'!$G$7:$G$133,"Veszített") -> 0 | J9: =IFERROR(H9/I9,0) -> 0
A10: =IF(OR(B10="",B10>TODAY()+370),"","CW"&TEXT(ROW()-6,"00")) -> CW04 | B10: =DATE($B$3,1,4)-WEEKDAY(DATE($B$3,1,4),2)+1+(ROW()-7)*7 -> 46041 | C10: =B10+6 -> 46047 | D10: =COUNTIFS('Tippmix napló'!$C$7:$C$133,">="&B10,'Tippmix napló'!$C$7:$C$133,"<"&C10+1,'Tippmix napló'!$G$7:$G$133,"Nyert")+COUNTIFS('Tippmix napló'!$C$7:$C$133,">="&B10,'Tippmix napló'!$C$7:$C$133,"<"&C10+1,'Tippmix napló'!$G$7:$G$133,"Veszített") -> 0 | E10: =COUNTIFS('Tippmix napló'!$C$7:$C$133,">="&B10,'Tippmix napló'!$C$7:$C$133,"<"&C10+1,'Tippmix napló'!$G$7:$G$133,"Nyert") -> 0 | F10: =COUNTIFS('Tippmix napló'!$C$7:$C$133,">="&B10,'Tippmix napló'!$C$7:$C$133,"<"&C10+1,'Tippmix napló'!$G$7:$G$133,"Veszített") -> 0 | G10: =IFERROR(E10/(E10+F10),0) -> 0 | H10: =SUMIFS('Tippmix napló'!$I$7:$I$133,'Tippmix napló'!$C$7:$C$133,">="&B10,'Tippmix napló'!$C$7:$C$133,"<"&C10+1) -> 0 | I10: =SUMIFS('Tippmix napló'!$D$7:$D$133,'Tippmix napló'!$C$7:$C$133,">="&B10,'Tippmix napló'!$C$7:$C$133,"<"&C10+1,'Tippmix napló'!$G$7:$G$133,"Nyert")+SUMIFS('Tippmix napló'!$D$7:$D$133,'Tippmix napló'!$C$7:$C$133,">="&B10,'Tippmix napló'!$C$7:$C$133,"<"&C10+1,'Tippmix napló'!$G$7:$G$133,"Veszített") -> 0 | J10: =IFERROR(H10/I10,0) -> 0
A11: =IF(OR(B11="",B11>TODAY()+370),"","CW"&TEXT(ROW()-6,"00")) -> CW05 | B11: =DATE($B$3,1,4)-WEEKDAY(DATE($B$3,1,4),2)+1+(ROW()-7)*7 -> 46048 | C11: =B11+6 -> 46054 | D11: =COUNTIFS('Tippmix napló'!$C$7:$C$133,">="&B11,'Tippmix napló'!$C$7:$C$133,"<"&C11+1,'Tippmix napló'!$G$7:$G$133,"Nyert")+COUNTIFS('Tippmix napló'!$C$7:$C$133,">="&B11,'Tippmix napló'!$C$7:$C$133,"<"&C11+1,'Tippmix napló'!$G$7:$G$133,"Veszített") -> 0 | E11: =COUNTIFS('Tippmix napló'!$C$7:$C$133,">="&B11,'Tippmix napló'!$C$7:$C$133,"<"&C11+1,'Tippmix napló'!$G$7:$G$133,"Nyert") -> 0 | F11: =COUNTIFS('Tippmix napló'!$C$7:$C$133,">="&B11,'Tippmix napló'!$C$7:$C$133,"<"&C11+1,'Tippmix napló'!$G$7:$G$133,"Veszített") -> 0 | G11: =IFERROR(E11/(E11+F11),0) -> 0 | H11: =SUMIFS('Tippmix napló'!$I$7:$I$133,'Tippmix napló'!$C$7:$C$133,">="&B11,'Tippmix napló'!$C$7:$C$133,"<"&C11+1) -> 0 | I11: =SUMIFS('Tippmix napló'!$D$7:$D$133,'Tippmix napló'!$C$7:$C$133,">="&B11,'Tippmix napló'!$C$7:$C$133,"<"&C11+1,'Tippmix napló'!$G$7:$G$133,"Nyert")+SUMIFS('Tippmix napló'!$D$7:$D$133,'Tippmix napló'!$C$7:$C$133,">="&B11,'Tippmix napló'!$C$7:$C$133,"<"&C11+1,'Tippmix napló'!$G$7:$G$133,"Veszített") -> 0 | J11: =IFERROR(H11/I11,0) -> 0
A12: =IF(OR(B12="",B12>TODAY()+370),"","CW"&TEXT(ROW()-6,"00")) -> CW06 | B12: =DATE($B$3,1,4)-WEEKDAY(DATE($B$3,1,4),2)+1+(ROW()-7)*7 -> 46055 | C12: =B12+6 -> 46061 | D12: =COUNTIFS('Tippmix napló'!$C$7:$C$133,">="&B12,'Tippmix napló'!$C$7:$C$133,"<"&C12+1,'Tippmix napló'!$G$7:$G$133,"Nyert")+COUNTIFS('Tippmix napló'!$C$7:$C$133,">="&B12,'Tippmix napló'!$C$7:$C$133,"<"&C12+1,'Tippmix napló'!$G$7:$G$133,"Veszített") -> 0 | E12: =COUNTIFS('Tippmix napló'!$C$7:$C$133,">="&B12,'Tippmix napló'!$C$7:$C$133,"<"&C12+1,'Tippmix napló'!$G$7:$G$133,"Nyert") -> 0 | F12: =COUNTIFS('Tippmix napló'!$C$7:$C$133,">="&B12,'Tippmix napló'!$C$7:$C$133,"<"&C12+1,'Tippmix napló'!$G$7:$G$133,"Veszített") -> 0 | G12: =IFERROR(E12/(E12+F12),0) -> 0 | H12: =SUMIFS('Tippmix napló'!$I$7:$I$133,'Tippmix napló'!$C$7:$C$133,">="&B12,'Tippmix napló'!$C$7:$C$133,"<"&C12+1) -> 0 | I12: =SUMIFS('Tippmix napló'!$D$7:$D$133,'Tippmix napló'!$C$7:$C$133,">="&B12,'Tippmix napló'!$C$7:$C$133,"<"&C12+1,'Tippmix napló'!$G$7:$G$133,"Nyert")+SUMIFS('Tippmix napló'!$D$7:$D$133,'Tippmix napló'!$C$7:$C$133,">="&B12,'Tippmix napló'!$C$7:$C$133,"<"&C12+1,'Tippmix napló'!$G$7:$G$133,"Veszített") -> 0 | J12: =IFERROR(H12/I12,0) -> 0
A13: =IF(OR(B13="",B13>TODAY()+370),"","CW"&TEXT(ROW()-6,"00")) -> CW07 | B13: =DATE($B$3,1,4)-WEEKDAY(DATE($B$3,1,4),2)+1+(ROW()-7)*7 -> 46062 | C13: =B13+6 -> 46068 | D13: =COUNTIFS('Tippmix napló'!$C$7:$C$133,">="&B13,'Tippmix napló'!$C$7:$C$133,"<"&C13+1,'Tippmix napló'!$G$7:$G$133,"Nyert")+COUNTIFS('Tippmix napló'!$C$7:$C$133,">="&B13,'Tippmix napló'!$C$7:$C$133,"<"&C13+1,'Tippmix napló'!$G$7:$G$133,"Veszített") -> 0 | E13: =COUNTIFS('Tippmix napló'!$C$7:$C$133,">="&B13,'Tippmix napló'!$C$7:$C$133,"<"&C13+1,'Tippmix napló'!$G$7:$G$133,"Nyert") -> 0 | F13: =COUNTIFS('Tippmix napló'!$C$7:$C$133,">="&B13,'Tippmix napló'!$C$7:$C$133,"<"&C13+1,'Tippmix napló'!$G$7:$G$133,"Veszített") -> 0 | G13: =IFERROR(E13/(E13+F13),0) -> 0 | H13: =SUMIFS('Tippmix napló'!$I$7:$I$133,'Tippmix napló'!$C$7:$C$133,">="&B13,'Tippmix napló'!$C$7:$C$133,"<"&C13+1) -> 0 | I13: =SUMIFS('Tippmix napló'!$D$7:$D$133,'Tippmix napló'!$C$7:$C$133,">="&B13,'Tippmix napló'!$C$7:$C$133,"<"&C13+1,'Tippmix napló'!$G$7:$G$133,"Nyert")+SUMIFS('Tippmix napló'!$D$7:$D$133,'Tippmix napló'!$C$7:$C$133,">="&B13,'Tippmix napló'!$C$7:$C$133,"<"&C13+1,'Tippmix napló'!$G$7:$G$133,"Veszített") -> 0 | J13: =IFERROR(H13/I13,0) -> 0
A14: =IF(OR(B14="",B14>TODAY()+370),"","CW"&TEXT(ROW()-6,"00")) -> CW08 | B14: =DATE($B$3,1,4)-WEEKDAY(DATE($B$3,1,4),2)+1+(ROW()-7)*7 -> 46069 | C14: =B14+6 -> 46075 | D14: =COUNTIFS('Tippmix napló'!$C$7:$C$133,">="&B14,'Tippmix napló'!$C$7:$C$133,"<"&C14+1,'Tippmix napló'!$G$7:$G$133,"Nyert")+COUNTIFS('Tippmix napló'!$C$7:$C$133,">="&B14,'Tippmix napló'!$C$7:$C$133,"<"&C14+1,'Tippmix napló'!$G$7:$G$133,"Veszített") -> 0 | E14: =COUNTIFS('Tippmix napló'!$C$7:$C$133,">="&B14,'Tippmix napló'!$C$7:$C$133,"<"&C14+1,'Tippmix napló'!$G$7:$G$133,"Nyert") -> 0 | F14: =COUNTIFS('Tippmix napló'!$C$7:$C$133,">="&B14,'Tippmix napló'!$C$7:$C$133,"<"&C14+1,'Tippmix napló'!$G$7:$G$133,"Veszített") -> 0 | G14: =IFERROR(E14/(E14+F14),0) -> 0 | H14: =SUMIFS('Tippmix napló'!$I$7:$I$133,'Tippmix napló'!$C$7:$C$133,">="&B14,'Tippmix napló'!$C$7:$C$133,"<"&C14+1) -> 0 | I14: =SUMIFS('Tippmix napló'!$D$7:$D$133,'Tippmix napló'!$C$7:$C$133,">="&B14,'Tippmix napló'!$C$7:$C$133,"<"&C14+1,'Tippmix napló'!$G$7:$G$133,"Nyert")+SUMIFS('Tippmix napló'!$D$7:$D$133,'Tippmix napló'!$C$7:$C$133,">="&B14,'Tippmix napló'!$C$7:$C$133,"<"&C14+1,'Tippmix napló'!$G$7:$G$133,"Veszített") -> 0 | J14: =IFERROR(H14/I14,0) -> 0
A15: =IF(OR(B15="",B15>TODAY()+370),"","CW"&TEXT(ROW()-6,"00")) -> CW09 | B15: =DATE($B$3,1,4)-WEEKDAY(DATE($B$3,1,4),2)+1+(ROW()-7)*7 -> 46076 | C15: =B15+6 -> 46082 | D15: =COUNTIFS('Tippmix napló'!$C$7:$C$133,">="&B15,'Tippmix napló'!$C$7:$C$133,"<"&C15+1,'Tippmix napló'!$G$7:$G$133,"Nyert")+COUNTIFS('Tippmix napló'!$C$7:$C$133,">="&B15,'Tippmix napló'!$C$7:$C$133,"<"&C15+1,'Tippmix napló'!$G$7:$G$133,"Veszített") -> 0 | E15: =COUNTIFS('Tippmix napló'!$C$7:$C$133,">="&B15,'Tippmix napló'!$C$7:$C$133,"<"&C15+1,'Tippmix napló'!$G$7:$G$133,"Nyert") -> 0 | F15: =COUNTIFS('Tippmix napló'!$C$7:$C$133,">="&B15,'Tippmix napló'!$C$7:$C$133,"<"&C15+1,'Tippmix napló'!$G$7:$G$133,"Veszített") -> 0 | G15: =IFERROR(E15/(E15+F15),0) -> 0 | H15: =SUMIFS('Tippmix napló'!$I$7:$I$133,'Tippmix napló'!$C$7:$C$133,">="&B15,'Tippmix napló'!$C$7:$C$133,"<"&C15+1) -> 0 | I15: =SUMIFS('Tippmix napló'!$D$7:$D$133,'Tippmix napló'!$C$7:$C$133,">="&B15,'Tippmix napló'!$C$7:$C$133,"<"&C15+1,'Tippmix napló'!$G$7:$G$133,"Nyert")+SUMIFS('Tippmix napló'!$D$7:$D$133,'Tippmix napló'!$C$7:$C$133,">="&B15,'Tippmix napló'!$C$7:$C$133,"<"&C15+1,'Tippmix napló'!$G$7:$G$133,"Veszített") -> 0 | J15: =IFERROR(H15/I15,0) -> 0
A16: =IF(OR(B16="",B16>TODAY()+370),"","CW"&TEXT(ROW()-6,"00")) -> CW10 | B16: =DATE($B$3,1,4)-WEEKDAY(DATE($B$3,1,4),2)+1+(ROW()-7)*7 -> 46083 | C16: =B16+6 -> 46089 | D16: =COUNTIFS('Tippmix napló'!$C$7:$C$133,">="&B16,'Tippmix napló'!$C$7:$C$133,"<"&C16+1,'Tippmix napló'!$G$7:$G$133,"Nyert")+COUNTIFS('Tippmix napló'!$C$7:$C$133,">="&B16,'Tippmix napló'!$C$7:$C$133,"<"&C16+1,'Tippmix napló'!$G$7:$G$133,"Veszített") -> 0 | E16: =COUNTIFS('Tippmix napló'!$C$7:$C$133,">="&B16,'Tippmix napló'!$C$7:$C$133,"<"&C16+1,'Tippmix napló'!$G$7:$G$133,"Nyert") -> 0 | F16: =COUNTIFS('Tippmix napló'!$C$7:$C$133,">="&B16,'Tippmix napló'!$C$7:$C$133,"<"&C16+1,'Tippmix napló'!$G$7:$G$133,"Veszített") -> 0 | G16: =IFERROR(E16/(E16+F16),0) -> 0 | H16: =SUMIFS('Tippmix napló'!$I$7:$I$133,'Tippmix napló'!$C$7:$C$133,">="&B16,'Tippmix napló'!$C$7:$C$133,"<"&C16+1) -> 0 | I16: =SUMIFS('Tippmix napló'!$D$7:$D$133,'Tippmix napló'!$C$7:$C$133,">="&B16,'Tippmix napló'!$C$7:$C$133,"<"&C16+1,'Tippmix napló'!$G$7:$G$133,"Nyert")+SUMIFS('Tippmix napló'!$D$7:$D$133,'Tippmix napló'!$C$7:$C$133,">="&B16,'Tippmix napló'!$C$7:$C$133,"<"&C16+1,'Tippmix napló'!$G$7:$G$133,"Veszített") -> 0 | J16: =IFERROR(H16/I16,0) -> 0
A17: =IF(OR(B17="",B17>TODAY()+370),"","CW"&TEXT(ROW()-6,"00")) -> CW11 | B17: =DATE($B$3,1,4)-WEEKDAY(DATE($B$3,1,4),2)+1+(ROW()-7)*7 -> 46090 | C17: =B17+6 -> 46096 | D17: =COUNTIFS('Tippmix napló'!$C$7:$C$133,">="&B17,'Tippmix napló'!$C$7:$C$133,"<"&C17+1,'Tippmix napló'!$G$7:$G$133,"Nyert")+COUNTIFS('Tippmix napló'!$C$7:$C$133,">="&B17,'Tippmix napló'!$C$7:$C$133,"<"&C17+1,'Tippmix napló'!$G$7:$G$133,"Veszített") -> 0 | E17: =COUNTIFS('Tippmix napló'!$C$7:$C$133,">="&B17,'Tippmix napló'!$C$7:$C$133,"<"&C17+1,'Tippmix napló'!$G$7:$G$133,"Nyert") -> 0 | F17: =COUNTIFS('Tippmix napló'!$C$7:$C$133,">="&B17,'Tippmix napló'!$C$7:$C$133,"<"&C17+1,'Tippmix napló'!$G$7:$G$133,"Veszített") -> 0 | G17: =IFERROR(E17/(E17+F17),0) -> 0 | H17: =SUMIFS('Tippmix napló'!$I$7:$I$133,'Tippmix napló'!$C$7:$C$133,">="&B17,'Tippmix napló'!$C$7:$C$133,"<"&C17+1) -> 0 | I17: =SUMIFS('Tippmix napló'!$D$7:$D$133,'Tippmix napló'!$C$7:$C$133,">="&B17,'Tippmix napló'!$C$7:$C$133,"<"&C17+1,'Tippmix napló'!$G$7:$G$133,"Nyert")+SUMIFS('Tippmix napló'!$D$7:$D$133,'Tippmix napló'!$C$7:$C$133,">="&B17,'Tippmix napló'!$C$7:$C$133,"<"&C17+1,'Tippmix napló'!$G$7:$G$133,"Veszített") -> 0 | J17: =IFERROR(H17/I17,0) -> 0
A18: =IF(OR(B18="",B18>TODAY()+370),"","CW"&TEXT(ROW()-6,"00")) -> CW12 | B18: =DATE($B$3,1,4)-WEEKDAY(DATE($B$3,1,4),2)+1+(ROW()-7)*7 -> 46097 | C18: =B18+6 -> 46103 | D18: =COUNTIFS('Tippmix napló'!$C$7:$C$133,">="&B18,'Tippmix napló'!$C$7:$C$133,"<"&C18+1,'Tippmix napló'!$G$7:$G$133,"Nyert")+COUNTIFS('Tippmix napló'!$C$7:$C$133,">="&B18,'Tippmix napló'!$C$7:$C$133,"<"&C18+1,'Tippmix napló'!$G$7:$G$133,"Veszített") -> 0 | E18: =COUNTIFS('Tippmix napló'!$C$7:$C$133,">="&B18,'Tippmix napló'!$C$7:$C$133,"<"&C18+1,'Tippmix napló'!$G$7:$G$133,"Nyert") -> 0 | F18: =COUNTIFS('Tippmix napló'!$C$7:$C$133,">="&B18,'Tippmix napló'!$C$7:$C$133,"<"&C18+1,'Tippmix napló'!$G$7:$G$133,"Veszített") -> 0 | G18: =IFERROR(E18/(E18+F18),0) -> 0 | H18: =SUMIFS('Tippmix napló'!$I$7:$I$133,'Tippmix napló'!$C$7:$C$133,">="&B18,'Tippmix napló'!$C$7:$C$133,"<"&C18+1) -> 0 | I18: =SUMIFS('Tippmix napló'!$D$7:$D$133,'Tippmix napló'!$C$7:$C$133,">="&B18,'Tippmix napló'!$C$7:$C$133,"<"&C18+1,'Tippmix napló'!$G$7:$G$133,"Nyert")+SUMIFS('Tippmix napló'!$D$7:$D$133,'Tippmix napló'!$C$7:$C$133,">="&B18,'Tippmix napló'!$C$7:$C$133,"<"&C18+1,'Tippmix napló'!$G$7:$G$133,"Veszített") -> 0 | J18: =IFERROR(H18/I18,0) -> 0
... A59: =IF(OR(B59="",B59>TODAY()+370),"","CW"&TEXT(ROW()-6,"00")) -> CW53 | B59: =DATE($B$3,1,4)-WEEKDAY(DATE($B$3,1,4),2)+1+(ROW()-7)*7 -> 46384 | C59: =B59+6 -> 46390 | D59: =COUNTIFS('Tippmix napló'!$C$7:$C$133,">="&B59,'Tippmix napló'!$C$7:$C$133,"<"&C59+1,'Tippmix napló'!$G$7:$G$133,"Nyert")+COUNTIFS('Tippmix napló'!$C$7:$C$133,">="&B59,'Tippmix napló'!$C$7:$C$133,"<"&C59+1,'Tippmix napló'!$G$7:$G$133,"Veszített") -> 0 | E59: =COUNTIFS('Tippmix napló'!$C$7:$C$133,">="&B59,'Tippmix napló'!$C$7:$C$133,"<"&C59+1,'Tippmix napló'!$G$7:$G$133,"Nyert") -> 0 | F59: =COUNTIFS('Tippmix napló'!$C$7:$C$133,">="&B59,'Tippmix napló'!$C$7:$C$133,"<"&C59+1,'Tippmix napló'!$G$7:$G$133,"Veszített") -> 0 | G59: =IFERROR(E59/(E59+F59),0) -> 0 | H59: =SUMIFS('Tippmix napló'!$I$7:$I$133,'Tippmix napló'!$C$7:$C$133,">="&B59,'Tippmix napló'!$C$7:$C$133,"<"&C59+1) -> 0 | I59: =SUMIFS('Tippmix napló'!$D$7:$D$133,'Tippmix napló'!$C$7:$C$133,">="&B59,'Tippmix napló'!$C$7:$C$133,"<"&C59+1,'Tippmix napló'!$G$7:$G$133,"Nyert")+SUMIFS('Tippmix napló'!$D$7:$D$133,'Tippmix napló'!$C$7:$C$133,">="&B59,'Tippmix napló'!$C$7:$C$133,"<"&C59+1,'Tippmix napló'!$G$7:$G$133,"Veszített") -> 0 | J59: =IFERROR(H59/I59,0) -> 0

Sheet Statisztika
A1: ♦ BANKROLL STATISZTIKA
A3: Összes profit | B3: =SUM('Tippmix napló'!I7:I133) -> 21180
A4: Heti profit | B4: =SUMIFS('Tippmix napló'!I7:I133,'Tippmix napló'!C7:C133,">="&TODAY()-WEEKDAY(TODAY(),2)+1,'Tippmix napló'!C7:C133,"<"&TODAY()-WEEKDAY(TODAY(),2)+8) -> 0
A5: Havi profit | B5: =SUMIFS('Tippmix napló'!I7:I133,'Tippmix napló'!C7:C133,">="&EOMONTH(TODAY(),-1)+1,'Tippmix napló'!C7:C133,"<="&EOMONTH(TODAY(),0)) -> 13340
A6: Eddigi nyerési % | B6: =IFERROR(COUNTIF('Tippmix napló'!G7:G133,"Nyert")/(COUNTIF('Tippmix napló'!G7:G133,"Nyert")+COUNTIF('Tippmix napló'!G7:G133,"Veszített")),0) -> 0.60606061
A7: Heti nyerési % | B7: =IFERROR(COUNTIFS('Tippmix napló'!G7:G133,"Nyert",'Tippmix napló'!C7:C133,">="&TODAY()-WEEKDAY(TODAY(),2)+1,'Tippmix napló'!C7:C133,"<"&TODAY()-WEEKDAY(TODAY(),2)+8)/(COUNTIFS('Tippmix napló'!G7:G133,"Nyert",'Tippmix napló'!C7:C133,">="&TODAY()-WEEKDAY(TODAY(),2)+1,'Tippmix napló'!C7:C133,"<"&TODAY()-WEEKDAY(TODAY(),2)+8)+COUNTIFS('Tippmix napló'!G7:G133,"Veszített",'Tippmix napló'!C7:C133,">="&TODAY()-WEEKDAY(TODAY(),2)+1,'Tippmix napló'!C7:C133,"<"&TODAY()-WEEKDAY(TODAY(),2)+8)),0) -> 0
A8: Havi nyerési % | B8: =IFERROR(COUNTIFS('Tippmix napló'!G7:G133,"Nyert",'Tippmix napló'!C7:C133,">="&EOMONTH(TODAY(),-1)+1,'Tippmix napló'!C7:C133,"<="&EOMONTH(TODAY(),0))/(COUNTIFS('Tippmix napló'!G7:G133,"Nyert",'Tippmix napló'!C7:C133,">="&EOMONTH(TODAY(),-1)+1,'Tippmix napló'!C7:C133,"<="&EOMONTH(TODAY(),0))+COUNTIFS('Tippmix napló'!G7:G133,"Veszített",'Tippmix napló'!C7:C133,">="&EOMONTH(TODAY(),-1)+1,'Tippmix napló'!C7:C133,"<="&EOMONTH(TODAY(),0))),0) -> 0.6

Sheet Használat
A1: ♣ TIPPMIX KEZELŐ – HASZNÁLAT
A3: 1. | B3: Dátum | C3: Írd be a fogadás dátumát.
A4: 2. | B4: Meccs / esemény | C4: Pl. Arsenal – Chelsea.
A5: 3. | B5: Tipp | C5: Pl. 1X, Over 2.5, Mindkét csapat szerez gólt.
A6: 4. | B6: Odds | C6: Add meg a szelvény oddsát.
A7: 5. | B7: Tét | C7: Add meg a feltett összeget forintban.
A8: 6. | B8: Eredmény | C8: A legördülőből válaszd: Nyert vagy Veszített.
A9: 7. | B9: Nyeremény / Profit | C9: Automatikusan kiszámolódik.
A12: 8. | B12: Heti elemzés | C12: A Heti elemzés lapon CW01–CW53 bontásban visszamenőleg is látható a heti nyerési %, profit, tétek és ROI. A B3 cellában módosítható az év.
B13: Havi elemzés | C13: A Havi elemzés lapon januártól decemberig visszamenőleg látható a havi nyerési %, profit, összes tét és ROI. A B3 cellában módosítható az év.
